time_utc,seconds_ago,co2_ppm,co2_pct,temp_c,event
2026-09-28T05:22:30Z,3830,50764,5.0764,38.12,0
2026-09-28T05:22:40Z,3820,50741,5.0741,38.12,0
2026-09-28T05:22:50Z,3810,50742,5.0742,38.06,0
2026-09-28T05:23:00Z,3800,50722,5.0722,38.12,0
2026-09-28T05:23:10Z,3790,50745,5.0745,38.06,0
2026-09-28T05:23:20Z,3780,50731,5.0731,38.06,0
2026-09-28T05:23:30Z,3770,50758,5.0758,38.12,0
2026-09-28T05:23:40Z,3760,50780,5.0780,38.06,0
2026-09-28T05:23:50Z,3750,50764,5.0764,38.12,0
2026-09-28T05:24:00Z,3740,50756,5.0756,38.06,0
2026-09-28T05:24:10Z,3730,50758,5.0758,38.12,0
2026-09-28T05:24:20Z,3720,50756,5.0756,38.06,0
2026-09-28T05:24:30Z,3710,50748,5.0748,38.12,0
2026-09-28T05:24:40Z,3700,50729,5.0729,38.12,0
2026-09-28T05:24:50Z,3690,50746,5.0746,38.12,0
2026-09-28T05:25:00Z,3680,50748,5.0748,38.06,0
2026-09-28T05:25:10Z,3670,50757,5.0757,38.06,0
2026-09-28T05:25:20Z,3660,50721,5.0721,38.12,0
2026-09-28T05:25:30Z,3650,50760,5.0760,38.12,0
2026-09-28T05:25:40Z,3640,50748,5.0748,38.06,0
2026-09-28T05:25:50Z,3630,50760,5.0760,38.12,0
2026-09-28T05:26:00Z,3620,50759,5.0759,38.12,0
2026-09-28T05:26:10Z,3610,50779,5.0779,38.06,0
2026-09-28T05:26:20Z,3600,50782,5.0781,38.06,0
2026-09-28T05:26:30Z,3590,50777,5.0777,38.06,0
2026-09-28T05:26:40Z,3580,50784,5.0784,38.12,0
2026-09-28T05:26:50Z,3570,50776,5.0776,38.12,0
2026-09-28T05:27:00Z,3560,50775,5.0775,38.12,0
2026-09-28T05:27:10Z,3550,50775,5.0775,38.12,0
2026-09-28T05:27:20Z,3540,50755,5.0755,38.12,0
2026-09-28T05:27:30Z,3530,50744,5.0744,38.12,0
2026-09-28T05:27:40Z,3520,50763,5.0763,38.12,0
2026-09-28T05:27:50Z,3510,50786,5.0786,38.06,0
2026-09-28T05:28:00Z,3500,50775,5.0775,38.12,0
2026-09-28T05:28:10Z,3490,50768,5.0768,38.12,0
2026-09-28T05:28:20Z,3480,50741,5.0741,38.12,0
2026-09-28T05:28:30Z,3470,50740,5.0740,38.12,0
2026-09-28T05:28:40Z,3460,50749,5.0749,38.12,0
2026-09-28T05:28:50Z,3450,50759,5.0759,38.12,0
2026-09-28T05:29:00Z,3440,50782,5.0782,38.12,0
2026-09-28T05:29:10Z,3430,50765,5.0765,38.06,0
2026-09-28T05:29:20Z,3420,50758,5.0758,38.06,0
2026-09-28T05:29:30Z,3410,50733,5.0733,38.06,0
2026-09-28T05:29:40Z,3400,50724,5.0724,38.12,0
2026-09-28T05:29:50Z,3390,50732,5.0732,38.12,0
2026-09-28T05:30:00Z,3380,50734,5.0734,38.06,0
2026-09-28T05:30:10Z,3370,50731,5.0731,38.12,0
2026-09-28T05:30:20Z,3360,50745,5.0745,38.12,0
2026-09-28T05:30:30Z,3350,50742,5.0742,38.12,0
2026-09-28T05:30:40Z,3340,50753,5.0753,38.12,0
2026-09-28T05:30:50Z,3330,50746,5.0746,38.12,0
2026-09-28T05:31:00Z,3320,50767,5.0767,38.06,0
2026-09-28T05:31:10Z,3310,50767,5.0767,38.12,0
2026-09-28T05:31:20Z,3300,50765,5.0765,38.06,0
2026-09-28T05:31:30Z,3290,50746,5.0746,38.12,0
2026-09-28T05:31:40Z,3280,50753,5.0753,38.12,0
2026-09-28T05:31:50Z,3270,50750,5.0750,38.12,0
2026-09-28T05:32:00Z,3260,50749,5.0749,38.12,0
2026-09-28T05:32:10Z,3250,50732,5.0732,38.12,0
2026-09-28T05:32:20Z,3240,50697,5.0697,38.12,0
2026-09-28T05:32:30Z,3230,47527,4.7527,38.06,0
2026-09-28T05:32:40Z,3220,40684,4.0684,38.06,0
2026-09-28T05:32:50Z,3210,34762,3.4762,38.06,1
2026-09-28T05:33:00Z,3200,30694,3.0694,38.06,0
2026-09-28T05:33:10Z,3190,26975,2.6975,38.06,0
2026-09-28T05:33:20Z,3180,23793,2.3793,38.06,0
2026-09-28T05:33:30Z,3170,21407,2.1407,38.06,0
2026-09-28T05:33:40Z,3160,19975,1.9975,38.06,0
2026-09-28T05:33:50Z,3150,19045,1.9045,38.06,0
2026-09-28T05:34:00Z,3140,18560,1.8560,38.00,1
2026-09-28T05:34:10Z,3130,18380,1.8380,38.06,0
2026-09-28T05:34:20Z,3120,18353,1.8353,38.00,0
2026-09-28T05:34:30Z,3110,18697,1.8697,38.00,0
2026-09-28T05:34:40Z,3100,19773,1.9773,38.00,0
2026-09-28T05:34:50Z,3090,20682,2.0682,38.00,0
2026-09-28T05:35:00Z,3080,22093,2.2093,38.00,0
2026-09-28T05:35:10Z,3070,24002,2.4002,38.00,0
2026-09-28T05:35:20Z,3060,25521,2.5521,38.00,0
2026-09-28T05:35:30Z,3050,27101,2.7101,37.94,0
2026-09-28T05:35:40Z,3040,28695,2.8695,37.94,0
2026-09-28T05:35:50Z,3030,30047,3.0047,38.00,0
2026-09-28T05:36:00Z,3020,31204,3.1204,37.94,0
2026-09-28T05:36:10Z,3010,32371,3.2371,38.00,0
2026-09-28T05:36:20Z,3000,33440,3.3440,38.00,0
2026-09-28T05:36:30Z,2990,34426,3.4426,38.00,0
2026-09-28T05:36:40Z,2980,35237,3.5237,37.94,0
2026-09-28T05:36:50Z,2970,35655,3.5655,38.00,0
2026-09-28T05:37:00Z,2960,35707,3.5707,38.00,0
2026-09-28T05:37:10Z,2950,35239,3.5239,38.00,0
2026-09-28T05:37:20Z,2940,32924,3.2924,38.00,0
2026-09-28T05:37:30Z,2930,31353,3.1353,38.00,0
2026-09-28T05:37:40Z,2920,30044,3.0044,38.00,0
2026-09-28T05:37:50Z,2910,29140,2.9140,38.00,0
2026-09-28T05:38:00Z,2900,28507,2.8507,38.00,1
2026-09-28T05:38:10Z,2890,28118,2.8118,38.00,0
2026-09-28T05:38:20Z,2880,27911,2.7911,38.00,0
2026-09-28T05:38:30Z,2870,27829,2.7829,38.00,0
2026-09-28T05:38:40Z,2860,27831,2.7831,38.00,0
2026-09-28T05:38:50Z,2850,28030,2.8030,38.00,0
2026-09-28T05:39:00Z,2840,29153,2.9153,38.00,0
2026-09-28T05:39:10Z,2830,30000,3.0000,38.00,0
2026-09-28T05:39:20Z,2820,30933,3.0933,38.00,0
2026-09-28T05:39:30Z,2810,31808,3.1808,38.00,0
2026-09-28T05:39:40Z,2800,32713,3.2713,38.00,0
2026-09-28T05:39:50Z,2790,33619,3.3619,38.00,0
2026-09-28T05:40:00Z,2780,34461,3.4461,38.00,0
2026-09-28T05:40:10Z,2770,35046,3.5046,38.00,0
2026-09-28T05:40:20Z,2760,35341,3.5341,38.00,0
2026-09-28T05:40:30Z,2750,35374,3.5374,38.00,0
2026-09-28T05:40:40Z,2740,35286,3.5286,38.00,0
2026-09-28T05:40:50Z,2730,34335,3.4335,38.00,0
2026-09-28T05:41:00Z,2720,33805,3.3805,38.00,0
2026-09-28T05:41:10Z,2710,33596,3.3596,38.06,0
2026-09-28T05:41:20Z,2700,33436,3.3436,38.00,0
2026-09-28T05:41:30Z,2690,33287,3.3287,38.06,0
2026-09-28T05:41:40Z,2680,33251,3.3251,38.00,0
2026-09-28T05:41:50Z,2670,33255,3.3255,38.06,0
2026-09-28T05:42:00Z,2660,33296,3.3296,38.00,0
2026-09-28T05:42:10Z,2650,33890,3.3890,38.06,0
2026-09-28T05:42:20Z,2640,34565,3.4565,38.06,0
2026-09-28T05:42:30Z,2630,35005,3.5005,38.06,0
2026-09-28T05:42:40Z,2620,35550,3.5550,38.06,0
2026-09-28T05:42:50Z,2610,36227,3.6227,38.06,0
2026-09-28T05:43:00Z,2600,37183,3.7183,38.06,0
2026-09-28T05:43:10Z,2590,37939,3.7939,38.06,0
2026-09-28T05:43:20Z,2580,38599,3.8599,38.06,0
2026-09-28T05:43:30Z,2570,39478,3.9478,38.06,0
2026-09-28T05:43:40Z,2560,40347,4.0347,38.06,0
2026-09-28T05:43:50Z,2550,41047,4.1047,38.06,0
2026-09-28T05:44:00Z,2540,41751,4.1751,38.06,0
2026-09-28T05:44:10Z,2530,42417,4.2417,38.06,0
2026-09-28T05:44:20Z,2520,43038,4.3038,38.06,0
2026-09-28T05:44:30Z,2510,43667,4.3667,38.06,0
2026-09-28T05:44:40Z,2500,44204,4.4204,38.06,0
2026-09-28T05:44:50Z,2490,44770,4.4770,38.12,0
2026-09-28T05:45:00Z,2480,45247,4.5247,38.06,0
2026-09-28T05:45:10Z,2470,45687,4.5687,38.06,0
2026-09-28T05:45:20Z,2460,46109,4.6109,38.12,0
2026-09-28T05:45:30Z,2450,46472,4.6472,38.12,0
2026-09-28T05:45:40Z,2440,46805,4.6805,38.06,0
2026-09-28T05:45:50Z,2430,47068,4.7068,38.06,0
2026-09-28T05:46:00Z,2420,47342,4.7342,38.12,0
2026-09-28T05:46:10Z,2410,47623,4.7623,38.12,0
2026-09-28T05:46:20Z,2400,47932,4.7932,38.12,0
2026-09-28T05:46:30Z,2390,48204,4.8204,38.12,0
2026-09-28T05:46:40Z,2380,48440,4.8440,38.12,0
2026-09-28T05:46:50Z,2370,48698,4.8698,38.12,0
2026-09-28T05:47:00Z,2360,48966,4.8966,38.12,0
2026-09-28T05:47:10Z,2350,49222,4.9222,38.12,0
2026-09-28T05:47:20Z,2340,49382,4.9382,38.12,0
2026-09-28T05:47:30Z,2330,49491,4.9491,38.12,0
2026-09-28T05:47:40Z,2320,49596,4.9596,38.12,0
2026-09-28T05:47:50Z,2310,49693,4.9693,38.12,0
2026-09-28T05:48:00Z,2300,49797,4.9797,38.19,0
2026-09-28T05:48:10Z,2290,49900,4.9900,38.19,0
2026-09-28T05:48:20Z,2280,49965,4.9965,38.12,0
2026-09-28T05:48:30Z,2270,50034,5.0034,38.19,0
2026-09-28T05:48:40Z,2260,50097,5.0097,38.19,0
2026-09-28T05:48:50Z,2250,50135,5.0135,38.12,0
2026-09-28T05:49:00Z,2240,50178,5.0178,38.19,0
2026-09-28T05:49:10Z,2230,50238,5.0238,38.19,0
2026-09-28T05:49:20Z,2220,50261,5.0261,38.19,0
2026-09-28T05:49:30Z,2210,50292,5.0292,38.19,0
2026-09-28T05:49:40Z,2200,50304,5.0304,38.19,0
2026-09-28T05:49:50Z,2190,50354,5.0354,38.19,0
2026-09-28T05:50:00Z,2180,50362,5.0362,38.19,0
2026-09-28T05:50:10Z,2170,50370,5.0370,38.19,0
2026-09-28T05:50:20Z,2160,50389,5.0389,38.19,0
2026-09-28T05:50:30Z,2150,50404,5.0403,38.19,0
2026-09-28T05:50:40Z,2140,50432,5.0432,38.19,0
2026-09-28T05:50:50Z,2130,50416,5.0416,38.19,0
2026-09-28T05:51:00Z,2120,50416,5.0416,38.25,0
2026-09-28T05:51:10Z,2110,50467,5.0467,38.19,0
2026-09-28T05:51:20Z,2100,50473,5.0473,38.19,0
2026-09-28T05:51:30Z,2090,50480,5.0480,38.19,0
2026-09-28T05:51:40Z,2080,50492,5.0492,38.25,0
2026-09-28T05:51:50Z,2070,50515,5.0515,38.19,0
2026-09-28T05:52:00Z,2060,50519,5.0519,38.19,0
2026-09-28T05:52:10Z,2050,50515,5.0515,38.19,0
2026-09-28T05:52:20Z,2040,50523,5.0523,38.19,0
2026-09-28T05:52:30Z,2030,50527,5.0527,38.25,0
2026-09-28T05:52:40Z,2020,50520,5.0520,38.25,0
2026-09-28T05:52:50Z,2010,50515,5.0515,38.19,0
2026-09-28T05:53:00Z,2000,50522,5.0522,38.25,0
2026-09-28T05:53:10Z,1990,50495,5.0495,38.25,0
2026-09-28T05:53:20Z,1980,50506,5.0506,38.25,0
2026-09-28T05:53:30Z,1970,50504,5.0504,38.25,0
2026-09-28T05:53:40Z,1960,50492,5.0492,38.25,0
2026-09-28T05:53:50Z,1950,50500,5.0500,38.25,0
2026-09-28T05:54:00Z,1940,50516,5.0516,38.25,0
2026-09-28T05:54:10Z,1930,50483,5.0483,38.25,0
2026-09-28T05:54:20Z,1920,50489,5.0489,38.25,0
2026-09-28T05:54:30Z,1910,50475,5.0475,38.25,0
2026-09-28T05:54:40Z,1900,50465,5.0465,38.25,0
2026-09-28T05:54:50Z,1890,50481,5.0481,38.25,0
2026-09-28T05:55:00Z,1880,50501,5.0501,38.25,0
2026-09-28T05:55:10Z,1870,50475,5.0475,38.25,0
2026-09-28T05:55:20Z,1860,50476,5.0476,38.25,0
2026-09-28T05:55:30Z,1850,50474,5.0474,38.25,0
2026-09-28T05:55:40Z,1840,50458,5.0458,38.25,0
2026-09-28T05:55:50Z,1830,50458,5.0458,38.25,0
2026-09-28T05:56:00Z,1820,50461,5.0461,38.25,0
2026-09-28T05:56:10Z,1810,50476,5.0476,38.25,0
2026-09-28T05:56:20Z,1800,50491,5.0491,38.25,0
2026-09-28T05:56:30Z,1790,50507,5.0507,38.25,0
2026-09-28T05:56:40Z,1780,50490,5.0490,38.25,0
2026-09-28T05:56:50Z,1770,50514,5.0514,38.25,0
2026-09-28T05:57:00Z,1760,50533,5.0533,38.25,0
2026-09-28T05:57:10Z,1750,50546,5.0546,38.25,0
2026-09-28T05:57:20Z,1740,50555,5.0555,38.25,0
2026-09-28T05:57:30Z,1730,50594,5.0594,38.25,0
2026-09-28T05:57:40Z,1720,50612,5.0612,38.25,0
2026-09-28T05:57:50Z,1710,50614,5.0614,38.25,0
2026-09-28T05:58:00Z,1700,50613,5.0613,38.25,0
2026-09-28T05:58:10Z,1690,50600,5.0600,38.25,0
2026-09-28T05:58:20Z,1680,50611,5.0611,38.31,0
2026-09-28T05:58:30Z,1670,50657,5.0657,38.25,0
2026-09-28T05:58:40Z,1660,50655,5.0655,38.25,0
2026-09-28T05:58:50Z,1650,50677,5.0677,38.25,0
2026-09-28T05:59:00Z,1640,50690,5.0690,38.25,0
2026-09-28T05:59:10Z,1630,50702,5.0702,38.25,0
2026-09-28T05:59:20Z,1620,50751,5.0751,38.25,0
2026-09-28T05:59:30Z,1610,50760,5.0760,38.25,0
2026-09-28T05:59:40Z,1600,50758,5.0758,38.25,0
2026-09-28T05:59:50Z,1590,50764,5.0764,38.25,0
2026-09-28T06:00:00Z,1580,50766,5.0766,38.25,0
2026-09-28T06:00:10Z,1570,50765,5.0765,38.25,0
2026-09-28T06:00:20Z,1560,50781,5.0781,38.25,0
2026-09-28T06:00:30Z,1550,50803,5.0803,38.25,0
2026-09-28T06:00:40Z,1540,50781,5.0781,38.25,0
2026-09-28T06:00:50Z,1530,50771,5.0771,38.25,0
2026-09-28T06:01:00Z,1520,50755,5.0755,38.25,0
2026-09-28T06:01:10Z,1510,50755,5.0755,38.25,0
2026-09-28T06:01:20Z,1500,50724,5.0724,38.25,0
2026-09-28T06:01:30Z,1490,50543,5.0543,38.25,0
2026-09-28T06:01:40Z,1480,46988,4.6988,38.25,0
2026-09-28T06:01:50Z,1470,43008,4.3008,38.25,0
2026-09-28T06:02:00Z,1460,38989,3.8989,38.25,1
2026-09-28T06:02:10Z,1450,35846,3.5846,38.25,0
2026-09-28T06:02:20Z,1440,34076,3.4076,38.25,0
2026-09-28T06:02:30Z,1430,32818,3.2818,38.25,0
2026-09-28T06:02:40Z,1420,31877,3.1877,38.25,0
2026-09-28T06:02:50Z,1410,31361,3.1361,38.25,0
2026-09-28T06:03:00Z,1400,30999,3.0999,38.25,0
2026-09-28T06:03:10Z,1390,30795,3.0795,38.19,0
2026-09-28T06:03:20Z,1380,30743,3.0743,38.25,0
2026-09-28T06:03:30Z,1370,30752,3.0752,38.19,0
2026-09-28T06:03:40Z,1360,30775,3.0775,38.19,0
2026-09-28T06:03:50Z,1350,31618,3.1618,38.19,0
2026-09-28T06:04:00Z,1340,32489,3.2489,38.19,0
2026-09-28T06:04:10Z,1330,33080,3.3080,38.19,0
2026-09-28T06:04:20Z,1320,33782,3.3782,38.19,0
2026-09-28T06:04:30Z,1310,34448,3.4448,38.19,0
2026-09-28T06:04:40Z,1300,35078,3.5078,38.19,0
2026-09-28T06:04:50Z,1290,35775,3.5775,38.19,0
2026-09-28T06:05:00Z,1280,36670,3.6670,38.12,0
2026-09-28T06:05:10Z,1270,37682,3.7682,38.12,0
2026-09-28T06:05:20Z,1260,38611,3.8611,38.12,0
2026-09-28T06:05:30Z,1250,39478,3.9478,38.12,0
2026-09-28T06:05:40Z,1240,40185,4.0185,38.12,0
2026-09-28T06:05:50Z,1230,40948,4.0948,38.12,0
2026-09-28T06:06:00Z,1220,41760,4.1760,38.12,0
2026-09-28T06:06:10Z,1210,42613,4.2613,38.12,0
2026-09-28T06:06:20Z,1200,43218,4.3218,38.12,0
2026-09-28T06:06:30Z,1190,43697,4.3697,38.06,0
2026-09-28T06:06:40Z,1180,44334,4.4334,38.12,0
2026-09-28T06:06:50Z,1170,44800,4.4800,38.06,0
2026-09-28T06:07:00Z,1160,45024,4.5024,38.06,0
2026-09-28T06:07:10Z,1150,45007,4.5007,38.06,0
2026-09-28T06:07:20Z,1140,41908,4.1908,38.06,0
2026-09-28T06:07:30Z,1130,39674,3.9674,38.06,0
2026-09-28T06:07:40Z,1120,37989,3.7989,38.06,0
2026-09-28T06:07:50Z,1110,36185,3.6185,38.06,0
2026-09-28T06:08:00Z,1100,34867,3.4867,38.06,1
2026-09-28T06:08:10Z,1090,33100,3.3100,38.06,0
2026-09-28T06:08:20Z,1080,30946,3.0946,38.00,0
2026-09-28T06:08:30Z,1070,29285,2.9285,38.00,0
2026-09-28T06:08:40Z,1060,27755,2.7755,38.00,0
2026-09-28T06:08:50Z,1050,26625,2.6625,38.00,0
2026-09-28T06:09:00Z,1040,25960,2.5960,38.00,0
2026-09-28T06:09:10Z,1030,25556,2.5556,38.00,1
2026-09-28T06:09:20Z,1020,25349,2.5349,37.94,0
2026-09-28T06:09:30Z,1010,25299,2.5299,37.94,0
2026-09-28T06:09:40Z,1000,25277,2.5277,37.94,0
2026-09-28T06:09:50Z,990,25053,2.5053,37.94,0
2026-09-28T06:10:00Z,980,23378,2.3378,37.94,0
2026-09-28T06:10:10Z,970,21420,2.1420,37.94,0
2026-09-28T06:10:20Z,960,20160,2.0160,37.88,1
2026-09-28T06:10:30Z,950,19374,1.9374,37.94,0
2026-09-28T06:10:40Z,940,18941,1.8941,37.88,0
2026-09-28T06:10:50Z,930,18695,1.8695,37.88,0
2026-09-28T06:11:00Z,920,18619,1.8619,37.81,0
2026-09-28T06:11:10Z,910,18620,1.8620,37.81,0
2026-09-28T06:11:20Z,900,19177,1.9177,37.81,0
2026-09-28T06:11:30Z,890,20061,2.0061,37.81,0
2026-09-28T06:11:40Z,880,21152,2.1152,37.81,0
2026-09-28T06:11:50Z,870,22291,2.2291,37.81,0
2026-09-28T06:12:00Z,860,23793,2.3793,37.75,0
2026-09-28T06:12:10Z,850,25376,2.5376,37.75,0
2026-09-28T06:12:20Z,840,26957,2.6957,37.75,0
2026-09-28T06:12:30Z,830,28304,2.8304,37.75,0
2026-09-28T06:12:40Z,820,29643,2.9643,37.75,0
2026-09-28T06:12:50Z,810,30882,3.0882,37.69,0
2026-09-28T06:13:00Z,800,32055,3.2055,37.69,0
2026-09-28T06:13:10Z,790,33045,3.3045,37.69,0
2026-09-28T06:13:20Z,780,34085,3.4085,37.69,0
2026-09-28T06:13:30Z,770,35018,3.5018,37.69,0
2026-09-28T06:13:40Z,760,35842,3.5842,37.69,0
2026-09-28T06:13:50Z,750,37000,3.7000,37.62,0
2026-09-28T06:14:00Z,740,38011,3.8011,37.62,0
2026-09-28T06:14:10Z,730,38983,3.8983,37.62,0
2026-09-28T06:14:20Z,720,40090,4.0090,37.62,0
2026-09-28T06:14:30Z,710,41070,4.1070,37.62,0
2026-09-28T06:14:40Z,700,41880,4.1880,37.62,0
2026-09-28T06:14:50Z,690,42491,4.2491,37.62,0
2026-09-28T06:15:00Z,680,43089,4.3089,37.62,0
2026-09-28T06:15:10Z,670,43800,4.3800,37.62,0
2026-09-28T06:15:20Z,660,44365,4.4365,37.62,0
2026-09-28T06:15:30Z,650,44690,4.4690,37.56,0
2026-09-28T06:15:40Z,640,45117,4.5117,37.56,0
2026-09-28T06:15:50Z,630,45555,4.5555,37.56,0
2026-09-28T06:16:00Z,620,45905,4.5905,37.56,0
2026-09-28T06:16:10Z,610,46213,4.6213,37.56,0
2026-09-28T06:16:20Z,600,46584,4.6584,37.56,0
2026-09-28T06:16:30Z,590,46978,4.6978,37.56,0
2026-09-28T06:16:40Z,580,47359,4.7359,37.56,0
2026-09-28T06:16:50Z,570,47638,4.7638,37.56,0
2026-09-28T06:17:00Z,560,47861,4.7861,37.56,0
2026-09-28T06:17:10Z,550,48099,4.8099,37.50,0
2026-09-28T06:17:20Z,540,48348,4.8348,37.50,0
2026-09-28T06:17:30Z,530,48567,4.8567,37.50,0
2026-09-28T06:17:40Z,520,48777,4.8777,37.50,0
2026-09-28T06:17:50Z,510,48951,4.8951,37.50,0
2026-09-28T06:18:00Z,500,49093,4.9093,37.50,0
2026-09-28T06:18:10Z,490,49218,4.9218,37.50,0
2026-09-28T06:18:20Z,480,49338,4.9338,37.50,0
2026-09-28T06:18:30Z,470,49445,4.9445,37.50,0
2026-09-28T06:18:40Z,460,49534,4.9534,37.50,0
2026-09-28T06:18:50Z,450,49622,4.9622,37.50,0
2026-09-28T06:19:00Z,440,49705,4.9705,37.50,0
2026-09-28T06:19:10Z,430,49779,4.9779,37.50,0
2026-09-28T06:19:20Z,420,49833,4.9833,37.50,0
2026-09-28T06:19:30Z,410,49885,4.9885,37.50,0
2026-09-28T06:19:40Z,400,49935,4.9935,37.50,0
2026-09-28T06:19:50Z,390,49990,4.9990,37.50,0
2026-09-28T06:20:00Z,380,50047,5.0047,37.44,0
2026-09-28T06:20:10Z,370,50076,5.0076,37.44,0
2026-09-28T06:20:20Z,360,50108,5.0108,37.44,0
2026-09-28T06:20:30Z,350,50137,5.0137,37.44,0
2026-09-28T06:20:40Z,340,50155,5.0155,37.44,0
2026-09-28T06:20:50Z,330,50157,5.0157,37.44,0
2026-09-28T06:21:00Z,320,50166,5.0166,37.44,0
2026-09-28T06:21:10Z,310,50159,5.0159,37.44,0
2026-09-28T06:21:20Z,300,50157,5.0157,37.44,0
2026-09-28T06:21:30Z,290,50136,5.0136,37.44,0
2026-09-28T06:21:40Z,280,50147,5.0147,37.44,0
2026-09-28T06:21:50Z,270,50175,5.0175,37.44,0
2026-09-28T06:22:00Z,260,50155,5.0155,37.44,0
2026-09-28T06:22:10Z,250,50175,5.0175,37.44,0
2026-09-28T06:22:20Z,240,50173,5.0173,37.44,0
2026-09-28T06:22:30Z,230,50165,5.0165,37.44,0
2026-09-28T06:22:40Z,220,50159,5.0159,37.44,0
2026-09-28T06:22:50Z,210,50179,5.0179,37.44,0
2026-09-28T06:23:00Z,200,50180,5.0180,37.44,0
2026-09-28T06:23:10Z,190,50195,5.0195,37.44,0
2026-09-28T06:23:20Z,180,50211,5.0211,37.44,0
2026-09-28T06:23:30Z,170,50194,5.0194,37.44,0
2026-09-28T06:23:40Z,160,50215,5.0215,37.44,0
2026-09-28T06:23:50Z,150,50207,5.0207,37.44,0
2026-09-28T06:24:00Z,140,50210,5.0210,37.44,0
2026-09-28T06:24:10Z,130,50223,5.0223,37.44,0
2026-09-28T06:24:20Z,120,50215,5.0215,37.44,0
2026-09-28T06:24:30Z,110,50212,5.0212,37.44,0
2026-09-28T06:24:40Z,100,50220,5.0220,37.44,0
2026-09-28T06:24:50Z,90,50224,5.0224,37.44,0
2026-09-28T06:25:00Z,80,50230,5.0230,37.44,0
2026-09-28T06:25:10Z,70,50241,5.0241,37.44,0
2026-09-28T06:25:20Z,60,50245,5.0245,37.44,0
2026-09-28T06:25:30Z,50,50237,5.0237,37.44,0
2026-09-28T06:25:40Z,40,50244,5.0244,37.44,0
2026-09-28T06:25:50Z,30,50237,5.0237,37.44,0
2026-09-28T06:26:00Z,20,50245,5.0245,37.44,0
2026-09-28T06:26:10Z,10,50250,5.0250,37.44,0
2026-09-28T06:26:20Z,0,50233,5.0233,37.44,0
