hour,local_time,co2_median_pct,co2_min_pct,co2_max_pct,quiet_median_pct,temp_median_c,excursions,samples
0,2026-09-17T18:00,4.8335,2.8357,4.8548,4.8353,37.94,1,285
1,2026-09-17T19:00,4.8367,4.8210,4.8609,4.8367,37.88,0,360
2,2026-09-17T20:00,4.8362,4.8197,4.8464,4.8362,38.06,0,360
3,2026-09-17T21:00,4.8461,4.8297,4.8575,4.8461,38.19,0,360
4,2026-09-17T22:00,4.8507,4.8361,4.8615,4.8507,38.25,0,360
5,2026-09-17T23:00,4.8576,4.8409,4.8764,4.8576,38.25,0,360
6,2026-09-18T00:00,4.8702,4.8483,4.8857,4.8702,38.31,0,360
7,2026-09-18T01:00,4.8735,4.8612,4.8846,4.8735,38.31,0,360
8,2026-09-18T02:00,4.8796,4.8650,4.8940,4.8796,38.31,0,360
9,2026-09-18T03:00,4.8838,4.8748,4.8948,4.8838,38.31,0,360
10,2026-09-18T04:00,4.8866,4.8740,4.8967,4.8866,38.31,0,360
11,2026-09-18T05:00,4.8865,4.8760,4.9040,4.8865,38.31,0,360
12,2026-09-18T06:00,4.8904,4.8776,4.9203,4.8904,38.31,0,360
13,2026-09-18T07:00,4.8952,4.8805,4.9082,4.8952,38.25,0,360
14,2026-09-18T08:00,4.9014,4.8904,4.9160,4.9014,38.25,0,360
15,2026-09-18T09:00,4.9059,4.8876,4.9198,4.9059,38.25,0,360
16,2026-09-18T10:00,4.9139,4.8980,4.9275,4.9139,38.25,0,360
17,2026-09-18T11:00,4.9195,4.9071,4.9324,4.9195,38.25,0,360
18,2026-09-18T12:00,4.9257,4.9167,4.9381,4.9257,38.25,0,360
19,2026-09-18T13:00,4.9348,4.9243,4.9494,4.9348,38.25,0,360
20,2026-09-18T14:00,4.9405,4.9293,4.9542,4.9405,38.25,0,360
21,2026-09-18T15:00,4.9450,4.9299,4.9616,4.9450,38.25,0,360
22,2026-09-18T16:00,4.9494,4.9379,4.9692,4.9494,38.25,0,360
23,2026-09-18T17:00,4.9551,4.9419,4.9683,4.9551,38.25,0,360
24,2026-09-18T18:00,4.9586,4.9432,4.9687,4.9586,38.25,0,360
25,2026-09-18T19:00,4.9643,4.9509,4.9842,4.9643,38.25,0,360
26,2026-09-18T20:00,4.9704,4.9595,4.9849,4.9704,38.25,0,360
27,2026-09-18T21:00,4.9742,4.9614,4.9889,4.9742,38.31,0,360
28,2026-09-18T22:00,4.9811,4.9651,4.9986,4.9811,38.25,0,360
29,2026-09-18T23:00,4.9836,4.9691,5.0005,4.9836,38.25,0,360
30,2026-09-19T00:00,4.9942,4.9804,5.0026,4.9942,38.25,0,360
31,2026-09-19T01:00,4.9973,4.9820,5.0108,4.9973,38.25,0,360
32,2026-09-19T02:00,4.9945,4.9827,5.0036,4.9945,38.25,0,360
33,2026-09-19T03:00,4.9989,4.9867,5.0116,4.9989,38.25,0,360
34,2026-09-19T04:00,5.0045,4.9936,5.0156,5.0045,38.25,0,360
35,2026-09-19T05:00,5.0030,4.9874,5.0277,5.0030,38.25,0,360
36,2026-09-19T06:00,5.0085,4.9936,5.0279,5.0085,38.25,0,360
37,2026-09-19T07:00,5.0101,4.9995,5.0213,5.0101,38.25,0,360
38,2026-09-19T08:00,5.0100,5.0000,5.0280,5.0100,38.25,0,360
39,2026-09-19T09:00,5.0190,5.0050,5.0310,5.0190,38.25,0,360
40,2026-09-19T10:00,5.0240,5.0119,5.0330,5.0240,38.25,0,360
41,2026-09-19T11:00,5.0319,5.0169,5.0467,5.0319,38.25,0,360
42,2026-09-19T12:00,5.0337,5.0196,5.0546,5.0337,38.25,0,360
43,2026-09-19T13:00,5.0393,5.0233,5.0542,5.0393,38.25,0,360
44,2026-09-19T14:00,5.0435,5.0339,5.0546,5.0435,38.25,0,360
45,2026-09-19T15:00,5.0393,5.0279,5.0514,5.0393,38.25,0,360
46,2026-09-19T16:00,5.0385,5.0256,5.0538,5.0385,38.25,0,360
47,2026-09-19T17:00,5.0383,5.0279,5.0490,5.0383,38.25,0,360
48,2026-09-19T18:00,5.0416,5.0240,5.0598,5.0416,38.25,0,360
49,2026-09-19T19:00,5.0434,5.0274,5.0568,5.0434,38.25,0,360
50,2026-09-19T20:00,5.0457,5.0256,5.0707,5.0457,38.25,0,360
51,2026-09-19T21:00,5.0496,5.0355,5.0638,5.0496,38.25,0,360
52,2026-09-19T22:00,5.0526,5.0375,5.0634,5.0526,38.25,0,360
53,2026-09-19T23:00,5.0609,5.0474,5.0736,5.0609,38.25,0,360
54,2026-09-20T00:00,5.0644,5.0540,5.0819,5.0644,38.25,0,360
55,2026-09-20T01:00,5.0625,5.0529,5.0809,5.0625,38.25,0,360
56,2026-09-20T02:00,5.0630,5.0545,5.0812,5.0630,38.25,0,360
57,2026-09-20T03:00,5.0667,5.0492,5.0823,5.0667,38.25,0,360
58,2026-09-20T04:00,5.0654,5.0532,5.0735,5.0654,38.25,0,360
59,2026-09-20T05:00,5.0615,5.0504,5.0738,5.0615,38.25,0,360
60,2026-09-20T06:00,5.0616,5.0479,5.0751,5.0616,38.25,0,360
61,2026-09-20T07:00,5.0646,5.0525,5.0720,5.0646,38.25,0,360
62,2026-09-20T08:00,5.0702,5.0591,5.0850,5.0702,38.25,0,360
63,2026-09-20T09:00,5.0663,5.0542,5.0819,5.0663,38.25,0,360
64,2026-09-20T10:00,5.0733,5.0593,5.0902,5.0733,38.25,0,360
65,2026-09-20T11:00,5.0741,5.0611,5.0864,5.0741,38.25,0,360
66,2026-09-20T12:00,5.0797,5.0641,5.0962,5.0797,38.25,0,360
67,2026-09-20T13:00,5.0814,5.0697,5.0949,5.0814,38.25,0,360
68,2026-09-20T14:00,5.0786,5.0651,5.0930,5.0786,38.25,0,360
69,2026-09-20T15:00,5.0856,5.0654,5.1010,5.0856,38.25,0,360
70,2026-09-20T16:00,5.0800,5.0661,5.0937,5.0800,38.25,0,360
71,2026-09-20T17:00,5.0702,5.0539,5.0842,5.0702,38.25,0,360
72,2026-09-20T18:00,5.0641,5.0481,5.0879,5.0641,38.25,0,360
73,2026-09-20T19:00,5.0648,5.0506,5.0816,5.0648,38.25,0,360
74,2026-09-20T20:00,5.0641,5.0506,5.0721,5.0641,38.25,0,360
75,2026-09-20T21:00,5.0678,5.0569,5.0807,5.0678,38.25,0,360
76,2026-09-20T22:00,5.0777,5.0555,5.0915,5.0777,38.25,0,360
77,2026-09-20T23:00,5.0802,5.0670,5.0908,5.0802,38.25,0,360
78,2026-09-21T00:00,5.0876,5.0728,5.1001,5.0876,38.25,0,360
79,2026-09-21T01:00,5.0842,5.0730,5.1020,5.0842,38.25,0,360
80,2026-09-21T02:00,5.0780,5.0667,5.0899,5.0780,38.25,0,360
81,2026-09-21T03:00,5.0721,5.0608,5.0791,5.0721,38.25,0,360
82,2026-09-21T04:00,5.0728,5.0580,5.0907,5.0728,38.25,0,360
83,2026-09-21T05:00,5.0659,5.0508,5.0827,5.0659,38.25,0,360
84,2026-09-21T06:00,5.0713,5.0544,5.0873,5.0713,38.25,0,360
85,2026-09-21T07:00,5.0692,5.0591,5.0822,5.0692,38.25,0,360
86,2026-09-21T08:00,5.0703,5.0605,5.0913,5.0703,38.25,0,360
87,2026-09-21T09:00,5.0707,5.0518,5.0929,5.0707,38.25,0,360
88,2026-09-21T10:00,5.0771,5.0636,5.0900,5.0771,38.25,0,360
89,2026-09-21T11:00,5.0799,5.0676,5.0997,5.0799,38.25,0,360
90,2026-09-21T12:00,5.0811,5.0690,5.0966,5.0811,38.25,0,360
91,2026-09-21T13:00,5.0784,5.0691,5.0864,5.0784,38.25,0,360
92,2026-09-21T14:00,5.0753,5.0634,5.2614,5.0753,38.25,0,360
93,2026-09-21T15:00,5.0709,5.0564,5.0875,5.0709,38.25,0,360
94,2026-09-21T16:00,5.0651,5.0558,5.0725,5.0651,38.25,0,360
95,2026-09-21T17:00,5.0675,5.0534,5.0872,5.0675,38.25,0,360
96,2026-09-21T18:00,5.0650,5.0510,5.0834,5.0650,38.25,0,360
97,2026-09-21T19:00,5.0654,5.0514,5.0789,5.0654,38.25,0,360
98,2026-09-21T20:00,5.0728,5.0543,5.0965,5.0728,38.25,0,360
99,2026-09-21T21:00,5.0671,5.0544,5.0817,5.0671,38.25,0,360
100,2026-09-21T22:00,5.0744,5.0604,5.0859,5.0744,38.25,0,360
101,2026-09-21T23:00,5.0794,5.0676,5.0954,5.0794,38.25,0,360
102,2026-09-22T00:00,5.0762,5.0654,5.0880,5.0762,38.25,0,360
103,2026-09-22T01:00,5.0758,5.0662,5.0977,5.0758,38.25,0,360
104,2026-09-22T02:00,5.0774,5.0661,5.0875,5.0774,38.25,0,360
105,2026-09-22T03:00,5.0754,5.0657,5.0843,5.0754,38.25,0,360
106,2026-09-22T04:00,5.0744,5.0593,5.0889,5.0744,38.25,0,360
107,2026-09-22T05:00,5.0677,5.0551,5.0830,5.0677,38.25,0,360
108,2026-09-22T06:00,5.0702,5.0583,5.0855,5.0702,38.25,0,360
109,2026-09-22T07:00,5.0718,5.0560,5.0908,5.0718,38.25,0,360
110,2026-09-22T08:00,5.0739,5.0562,5.0855,5.0739,38.25,0,360
111,2026-09-22T09:00,5.0715,5.0561,5.0834,5.0715,38.25,0,360
112,2026-09-22T10:00,5.0783,5.0650,5.0909,5.0783,38.25,0,360
113,2026-09-22T11:00,5.0898,5.0755,5.1003,5.0898,38.25,0,360
114,2026-09-22T12:00,5.0828,1.0159,5.1046,5.0885,38.25,2,360
115,2026-09-22T13:00,5.0499,0.7330,5.0739,5.0573,37.81,2,360
116,2026-09-22T14:00,4.9121,2.1903,5.0675,5.0529,38.28,3,360
117,2026-09-22T15:00,5.0307,1.8358,5.0544,5.0340,37.88,1,360
118,2026-09-22T16:00,5.0476,5.0339,5.0619,5.0476,37.88,0,360
119,2026-09-22T17:00,5.0572,5.0426,5.0678,5.0572,38.12,0,360
120,2026-09-22T18:00,5.0630,5.0501,5.0801,5.0630,38.19,0,360
121,2026-09-22T19:00,5.0100,1.0317,5.0783,5.0625,38.19,3,356
122,2026-09-22T20:00,5.0437,4.6663,5.0566,5.0437,37.75,0,360
123,2026-09-22T21:00,5.0590,5.0422,5.0754,5.0590,37.94,0,360
124,2026-09-22T22:00,5.0661,5.0521,5.0796,5.0661,38.12,0,360
125,2026-09-22T23:00,5.0762,5.0598,5.0931,5.0762,38.25,0,360
126,2026-09-23T00:00,5.0832,5.0686,5.1035,5.0832,38.25,0,360
127,2026-09-23T01:00,5.0855,5.0749,5.0961,5.0855,38.25,0,360
128,2026-09-23T02:00,5.0842,5.0720,5.1020,5.0842,38.25,0,360
129,2026-09-23T03:00,5.0857,5.0759,5.0981,5.0857,38.25,0,360
130,2026-09-23T04:00,5.0871,5.0726,5.0985,5.0871,38.25,0,360
131,2026-09-23T05:00,5.0942,5.0815,5.1086,5.0942,38.25,0,360
132,2026-09-23T06:00,5.0946,5.0742,5.1120,5.0946,38.25,0,360
133,2026-09-23T07:00,5.0969,5.0862,5.1119,5.0969,38.25,0,360
134,2026-09-23T08:00,5.0980,5.0856,5.1125,5.0980,38.25,0,360
135,2026-09-23T09:00,5.1037,5.0921,5.1167,5.1037,38.25,0,360
136,2026-09-23T10:00,5.1097,5.0979,5.1185,5.1097,38.25,0,360
137,2026-09-23T11:00,5.1190,5.1015,5.1306,5.1190,38.25,0,360
138,2026-09-23T12:00,5.1166,1.5587,5.1298,5.1183,38.25,1,360
139,2026-09-23T13:00,5.0854,1.7265,5.1227,5.0889,38.00,2,360
140,2026-09-23T14:00,5.0991,5.0888,5.1077,5.0991,37.81,0,360
141,2026-09-23T15:00,4.9066,2.3612,5.1072,5.0645,37.75,4,360
142,2026-09-23T16:00,5.0807,3.3857,5.1088,5.0822,37.81,1,360
143,2026-09-23T17:00,5.0617,1.2748,5.0914,5.0652,37.94,1,360
144,2026-09-23T18:00,5.0610,2.4407,5.0748,5.0644,38.06,2,360
145,2026-09-23T19:00,5.0465,1.6224,5.0682,5.0522,37.81,1,360
146,2026-09-23T20:00,5.0557,5.0431,5.0691,5.0557,37.88,0,360
147,2026-09-23T21:00,5.0708,5.0558,5.0856,5.0708,38.12,0,360
148,2026-09-23T22:00,5.0810,5.0692,5.1026,5.0810,38.22,0,360
149,2026-09-23T23:00,5.0954,5.0825,5.1094,5.0954,38.25,0,360
150,2026-09-24T00:00,5.1007,5.0907,5.1112,5.1007,38.31,0,360
151,2026-09-24T01:00,5.1045,5.0944,5.1186,5.1045,38.31,0,360
152,2026-09-24T02:00,5.1025,5.0880,5.1170,5.1025,38.25,0,360
153,2026-09-24T03:00,5.1016,5.0908,5.1124,5.1016,38.25,0,360
154,2026-09-24T04:00,5.1018,5.0875,5.1156,5.1018,38.25,0,360
155,2026-09-24T05:00,5.1015,5.0901,5.1147,5.1015,38.25,0,360
156,2026-09-24T06:00,5.1050,5.0898,5.1202,5.1050,38.25,0,360
157,2026-09-24T07:00,5.1044,5.0954,5.1181,5.1044,38.25,0,360
158,2026-09-24T08:00,5.1096,5.0745,5.1196,5.1096,38.25,0,360
159,2026-09-24T09:00,5.1104,5.0900,5.1244,5.1104,38.25,0,360
160,2026-09-24T10:00,5.1188,5.1058,5.1347,5.1188,38.25,0,360
161,2026-09-24T11:00,5.1102,1.3909,5.1340,5.1163,38.09,1,360
162,2026-09-24T12:00,5.0915,1.8952,5.1122,5.0987,37.56,2,360
163,2026-09-24T13:00,4.3121,0.6120,5.0841,5.0710,37.56,4,360
164,2026-09-24T14:00,5.0627,5.0208,5.0818,5.0627,37.50,0,360
165,2026-09-24T15:00,4.9381,1.4173,5.0919,5.0724,37.69,3,360
166,2026-09-24T16:00,5.0326,2.7280,5.0549,5.0353,37.44,1,360
167,2026-09-24T17:00,3.7637,0.4366,5.0551,5.0100,37.00,3,360
168,2026-09-24T18:00,4.9817,4.9560,5.0039,4.9817,36.19,0,360
169,2026-09-24T19:00,5.0014,4.9780,5.0170,5.0014,37.19,0,360
170,2026-09-24T20:00,5.0358,5.0029,5.0508,5.0358,37.69,0,360
171,2026-09-24T21:00,5.0433,5.0330,5.0524,5.0433,37.94,0,360
172,2026-09-24T22:00,5.0537,5.0348,5.0720,5.0537,38.00,0,360
173,2026-09-24T23:00,5.0633,5.0488,5.0766,5.0633,38.06,0,360
174,2026-09-25T00:00,5.0611,5.0508,5.0715,5.0611,38.06,0,360
175,2026-09-25T01:00,5.0600,5.0476,5.0727,5.0600,38.06,0,360
176,2026-09-25T02:00,5.0579,5.0437,5.0669,5.0579,38.06,0,360
177,2026-09-25T03:00,5.0682,5.0526,5.0873,5.0682,38.06,0,360
178,2026-09-25T04:00,5.0648,5.0494,5.0788,5.0648,38.06,0,360
179,2026-09-25T05:00,5.0636,5.0528,5.0797,5.0636,38.06,0,360
180,2026-09-25T06:00,5.0659,5.0528,5.0793,5.0659,38.06,0,360
181,2026-09-25T07:00,5.0641,5.0530,5.0836,5.0641,38.06,0,360
182,2026-09-25T08:00,5.0686,5.0587,5.0872,5.0686,38.06,0,360
183,2026-09-25T09:00,5.0677,5.0544,5.0845,5.0677,38.06,0,360
184,2026-09-25T10:00,5.0725,5.0590,5.0835,5.0725,38.06,0,360
185,2026-09-25T11:00,5.0769,5.0678,5.0881,5.0769,38.06,0,360
186,2026-09-25T12:00,5.0797,5.0661,5.1039,5.0797,38.06,0,360
187,2026-09-25T13:00,5.0832,5.0653,5.0977,5.0832,38.06,0,360
188,2026-09-25T14:00,5.0827,5.0711,5.0924,5.0827,38.06,0,360
189,2026-09-25T15:00,5.0821,5.0734,5.0997,5.0821,38.06,0,360
190,2026-09-25T16:00,5.0857,5.0746,5.0971,5.0857,38.06,0,360
191,2026-09-25T17:00,5.0786,5.0708,5.0957,5.0786,38.06,0,360
192,2026-09-25T18:00,5.0803,5.0716,5.0877,5.0803,38.06,0,360
193,2026-09-25T19:00,5.0799,5.0699,5.0909,5.0799,38.06,0,360
194,2026-09-25T20:00,5.0841,5.0697,5.0976,5.0841,38.12,0,360
195,2026-09-25T21:00,5.0926,5.0728,5.1110,5.0926,38.12,0,360
196,2026-09-25T22:00,5.0936,5.0851,5.1057,5.0936,38.12,0,360
197,2026-09-25T23:00,5.0949,5.0812,5.1064,5.0949,38.12,0,360
198,2026-09-26T00:00,5.0967,5.0864,5.1129,5.0967,38.06,0,360
199,2026-09-26T01:00,5.1060,5.0863,5.1231,5.1060,38.06,0,360
200,2026-09-26T02:00,5.0985,5.0875,5.1079,5.0985,38.06,0,360
201,2026-09-26T03:00,5.0945,5.0832,5.1097,5.0945,38.06,0,360
202,2026-09-26T04:00,5.0929,5.0777,5.1089,5.0929,38.06,0,360
203,2026-09-26T05:00,5.0868,5.0770,5.0981,5.0868,38.06,0,360
204,2026-09-26T06:00,5.0823,5.0675,5.0933,5.0823,38.06,0,360
205,2026-09-26T07:00,5.0848,5.0706,5.0980,5.0848,38.06,0,360
206,2026-09-26T08:00,5.0835,5.0667,5.0966,5.0835,38.06,0,360
207,2026-09-26T09:00,5.0856,5.0706,5.1037,5.0856,38.06,0,360
208,2026-09-26T10:00,5.0850,5.0775,5.0975,5.0850,38.06,0,360
209,2026-09-26T11:00,5.0882,5.0726,5.0981,5.0882,38.06,0,360
210,2026-09-26T12:00,5.0906,5.0786,5.1013,5.0906,38.06,0,360
211,2026-09-26T13:00,5.0914,5.0794,5.1052,5.0914,38.06,0,360
212,2026-09-26T14:00,5.0831,1.8358,5.1035,5.0860,38.25,1,360
213,2026-09-26T15:00,5.0747,2.9575,5.0927,5.0773,37.94,1,360
214,2026-09-26T16:00,5.0734,5.0601,5.0851,5.0734,37.75,0,360
215,2026-09-26T17:00,5.0732,5.0631,5.0895,5.0732,37.94,0,360
216,2026-09-26T18:00,5.0743,5.0626,5.0842,5.0743,38.00,0,360
217,2026-09-26T19:00,5.0713,5.0632,5.0816,5.0713,38.06,0,360
218,2026-09-26T20:00,5.0753,5.0644,5.0898,5.0753,38.06,0,360
219,2026-09-26T21:00,5.0794,5.0701,5.0906,5.0794,38.06,0,360
220,2026-09-26T22:00,5.0839,5.0654,5.0958,5.0839,38.12,0,360
221,2026-09-26T23:00,5.0852,5.0695,5.1060,5.0852,38.06,0,360
222,2026-09-27T00:00,5.0879,5.0735,5.1012,5.0879,38.06,0,360
223,2026-09-27T01:00,5.0861,5.0733,5.0979,5.0861,38.06,0,360
224,2026-09-27T02:00,5.0831,5.0731,5.0949,5.0831,38.06,0,360
225,2026-09-27T03:00,5.0858,5.0748,5.0979,5.0858,38.06,0,360
226,2026-09-27T04:00,5.0846,5.0725,5.1046,5.0846,38.06,0,360
227,2026-09-27T05:00,5.0863,5.0745,5.0994,5.0863,38.06,0,360
228,2026-09-27T06:00,5.0814,5.0697,5.0988,5.0814,38.06,0,360
229,2026-09-27T07:00,5.0818,5.0659,5.0941,5.0818,38.06,0,360
230,2026-09-27T08:00,5.0794,5.0668,5.0920,5.0794,38.06,0,360
231,2026-09-27T09:00,5.0832,5.0657,5.0944,5.0832,38.06,0,360
232,2026-09-27T10:00,5.0888,5.0747,5.1017,5.0888,38.06,0,360
233,2026-09-27T11:00,4.9985,0.9120,5.0964,5.0893,37.88,2,360
234,2026-09-27T12:00,4.4599,1.3844,5.0814,5.0579,37.38,3,360
235,2026-09-27T13:00,5.0426,1.1285,5.0809,5.0475,37.09,1,360
236,2026-09-27T14:00,5.0549,5.0393,5.0699,5.0549,37.56,0,360
237,2026-09-27T15:00,5.0558,5.0431,5.0683,5.0558,37.88,0,360
238,2026-09-27T16:00,5.0610,5.0518,5.0761,5.0610,38.00,0,360
239,2026-09-27T17:00,5.0609,2.4514,5.0800,5.0630,38.06,2,360
240,2026-09-27T18:00,5.0671,5.0490,5.0889,5.0671,38.12,0,360
241,2026-09-27T19:00,5.0694,5.0549,5.0868,5.0694,38.12,0,360
242,2026-09-27T20:00,5.0697,5.0577,5.0823,5.0697,38.12,0,360
243,2026-09-27T21:00,5.0762,5.0619,5.0933,5.0762,38.12,0,360
244,2026-09-27T22:00,5.0383,2.7054,5.0818,5.0582,38.00,2,360
245,2026-09-27T23:00,5.0690,5.0564,5.0865,5.0690,37.94,0,360
246,2026-09-28T00:00,5.0764,5.0647,5.0868,5.0764,38.00,0,360
247,2026-09-28T01:00,5.0722,5.0624,5.0793,5.0722,38.06,0,360
248,2026-09-28T02:00,5.0714,5.0589,5.0833,5.0714,38.06,0,360
249,2026-09-28T03:00,5.0692,5.0573,5.0875,5.0692,38.12,0,360
250,2026-09-28T04:00,5.0692,5.0484,5.0971,5.0692,38.12,0,360
251,2026-09-28T05:00,5.0635,5.0505,5.0837,5.0635,38.12,0,360
252,2026-09-28T06:00,5.0599,5.0475,5.0754,5.0599,38.12,0,360
253,2026-09-28T07:00,5.0613,5.0468,5.0713,5.0613,38.12,0,360
254,2026-09-28T08:00,5.0612,5.0509,5.0718,5.0612,38.12,0,360
255,2026-09-28T09:00,5.0621,5.0603,5.0650,,38.06,0,18
